{"assets/images/download.jpeg":["assets/images/download.jpeg"],"assets/images/error.jpeg":["assets/images/error.jpeg"],"packages/cool_alert/assets/flare/error_check.flr":["packages/cool_alert/assets/flare/error_check.flr"],"packages/cool_alert/assets/flare/info_check.flr":["packages/cool_alert/assets/flare/info_check.flr"],"packages/cool_alert/assets/flare/loading.flr":["packages/cool_alert/assets/flare/loading.flr"],"packages/cool_alert/assets/flare/success_check.flr":["packages/cool_alert/assets/flare/success_check.flr"],"packages/cool_alert/assets/flare/warning_check.flr":["packages/cool_alert/assets/flare/warning_check.flr"],"packages/cupertino_icons/assets/CupertinoIcons.ttf":["packages/cupertino_icons/assets/CupertinoIcons.ttf"],"packages/window_manager/images/ic_chrome_close.png":["packages/window_manager/images/ic_chrome_close.png"],"packages/window_manager/images/ic_chrome_maximize.png":["packages/window_manager/images/ic_chrome_maximize.png"],"packages/window_manager/images/ic_chrome_minimize.png":["packages/window_manager/images/ic_chrome_minimize.png"],"packages/window_manager/images/ic_chrome_unmaximize.png":["packages/window_manager/images/ic_chrome_unmaximize.png"]}